{
  "heliostat_position": [
      50.9136457318557,
      6.3873255928067865,
      88.62004852
  ],
  "height": 2.559999942779541,
  "width": 3.2200000286102295,
  "initial_orientation": [
      0.0,
      -1.0,
      0.0
  ],
  "kinematic_properties": {
      "actuators": [
          {
              "type_axis": "ideal",
              "min_increment": 0,
              "max_increment": 68618,
              "increment": 154166.6667,
              "offset_shift": 0,
              "initial_stroke_length": 0.07586774,
              "offset": 0.335308,
              "pivot_radius": 0.338095,
              "radius_shift": 0,
              "clockwise_axis_movement": 0,
              "initial_angle": 0.02415194,
              "min_movement_angle": 0.017594663,
              "max_movement_angle": 1.570796327,
              "movement_speed": 0
          },
          {
              "type_axis": "ideal",
              "min_increment": 0,
              "max_increment": 76074,
              "increment": 154166.6667,
              "offset_shift": 0,
              "initial_stroke_length": 0.076957598,
              "offset": 0.340771,
              "pivot_radius": 0.3191,
              "radius_shift": 0,
              "clockwise_axis_movement": 1,
              "initial_angle": 0.946485181,
              "min_movement_angle": -0.95993,
              "max_movement_angle": 0.943837714,
              "movement_speed": 0
          }
      ],
      "joint_translation_e_1": 0.0,
      "joint_translation_n_1": 0.0,
      "joint_translation_u_1": 0.0,
      "joint_translation_e_2": 0.0,
      "joint_translation_n_2": 0.0,
      "joint_translation_u_2": 0.0,
      "concentrator_translation_e": 0.0,
      "concentrator_translation_n": 0.175,
      "concentrator_translation_u": 0.0
  },
  "facet_properties": {
      "canting_type": "receiver canting",
      "number_of_facets": 4,
      "facets": [
          {
              "translation_vector": [
                  -0.8075,
                  0.6425,
                  0.0402
              ],
              "canting_e": [
                  0.8024858067095879,
                  -0.0,
                  -0.0047736171890375425
              ],
              "canting_n": [
                  1.794924193713494e-05,
                  0.6374928571095503,
                  0.003017196681326875
              ]
          },
          {
              "translation_vector": [
                  0.8075,
                  0.6425,
                  0.0402
              ],
              "canting_e": [
                  0.8024858067095879,
                  -0.0,
                  0.0047736171890375425
              ],
              "canting_n": [
                  -1.794924193713494e-05,
                  0.6374928571095503,
                  0.003017196681326875
              ]
          },
          {
              "translation_vector": [
                  -0.8075,
                  -0.6425,
                  0.0402
              ],
              "canting_e": [
                  0.8024858067095879,
                  -0.0,
                  -0.0047736171890375425
              ],
              "canting_n": [
                  -1.794924193713494e-05,
                  0.6374928571095503,
                  -0.003017196681326875
              ]
          },
          {
              "translation_vector": [
                  0.8075,
                  -0.6425,
                  0.0402
              ],
              "canting_e": [
                  0.8024858067095879,
                  -0.0,
                  0.0047736171890375425
              ],
              "canting_n": [
                  1.794924193713494e-05,
                  0.6374928571095503,
                  -0.003017196681326875
              ]
          }
      ]
  },
  "renovation": "2021-04-15"
}
