{
  "motor_position": {
    "axis_1_motor_position": 45850,
    "axis_2_motor_position": 56159
  },
  "target_name": "multi_focus_tower",
  "sun_elevation": 19.89165825200497,
  "sun_azimuth": 4.039972592503291,
  "focal_spot": {
    "HeliOS": [
      50.9133964495225,
      6.387574860010517,
      139.16720665427795
    ],
    "UTIS": [
      50.91339645005998,
      6.3875753616453625,
      139.07592010498047
    ]
  }
}
