{
    "motor_position": {
        "axis_1_motor_position": 44706,
        "axis_2_motor_position": 73338
    },
    "target_name": "solar_tower_juelich_lower",
    "focal_spot": {
        "HeliOS": [
            50.91339203148444,
            6.3878315470020155,
            122.75970234459815
        ],
        "UTIS": [
            50.91339204305797,
            6.387832143045703,
            122.70735168457033
        ]
    },
    "sun_elevation": 9.583570217402297,
    "sun_azimuth": -64.89874544268952
}