{
    "motor_position": {
        "axis_1_motor_position": 31448,
        "axis_2_motor_position": 35751
    },
    "target_name": "solar_tower_juelich_upper",
    "focal_spot": {
        "HeliOS": [
            50.91339202536379,
            6.387825081160612,
            129.93386828812288
        ],
        "UTIS": [
            50.91339204305797,
            6.387825299834037,
            130.03423690795898
        ]
    },
    "sun_elevation": 35.0400388370975,
    "sun_azimuth": 67.16686148848474
}