{
  "heliostat_position": [
    50.91372514922872,
    6.38826474656781,
    88.73834991
  ],
  "height": 2.559999942779541,
  "width": 3.2200000286102295,
  "initial_orientation": [
    0.0,
    0.0,
    1.0
  ],
  "kinematic_properties": {
    "actuators": [
      {
        "type_axis": "ideal",
        "min_increment": 0,
        "max_increment": 69525,
        "increment": 154166.6667,
        "offset_shift": 0,
        "initial_stroke_length": 0.071051608,
        "offset": 0.335308,
        "pivot_radius": 0.338095,
        "radius_shift": 0,
        "clockwise_axis_movement": 0,
        "initial_angle": 0.007796821,
        "min_movement_angle": -0.009363691,
        "max_movement_angle": 1.570796327,
        "movement_speed": 0
      },
      {
        "type_axis": "ideal",
        "min_increment": 0,
        "max_increment": 74920,
        "increment": 154166.6667,
        "offset_shift": 0,
        "initial_stroke_length": 0.076357226,
        "offset": 0.340771,
        "pivot_radius": 0.3191,
        "radius_shift": 0,
        "clockwise_axis_movement": 1,
        "initial_angle": 0.933083607,
        "min_movement_angle": -0.95993,
        "max_movement_angle": 0.9164343,
        "movement_speed": 0
      }
    ],
    "joint_translation_e_1": 0.0,
    "joint_translation_n_1": 0.0,
    "joint_translation_u_1": 0.0,
    "joint_translation_e_2": 0.0,
    "joint_translation_n_2": 0.0,
    "joint_translation_u_2": 0.0,
    "concentrator_translation_e": 0.0,
    "concentrator_translation_n": 0.175,
    "concentrator_translation_u": 0.0
  },
  "facet_properties": {
    "canting_type": "receiver canting",
    "number_of_facets": 4,
    "facets": [
      {
        "translation_vector": [
          -0.8075,
          0.6425,
          0.0402
        ],
        "canting_e": [
          0.8024865486148033,
          -0.0,
          -0.004643493639490212
        ],
        "canting_n": [
          1.7008391871989296e-05,
          0.6374932325984969,
          0.0029349546492250466
        ]
      },
      {
        "translation_vector": [
          0.8075,
          0.6425,
          0.0402
        ],
        "canting_e": [
          0.8024865486148033,
          -0.0,
          0.004643493639490212
        ],
        "canting_n": [
          -1.7008391871989296e-05,
          0.6374932325984969,
          0.0029349546492250466
        ]
      },
      {
        "translation_vector": [
          -0.8075,
          -0.6425,
          0.0402
        ],
        "canting_e": [
          0.8024865486148033,
          -0.0,
          -0.004643493639490212
        ],
        "canting_n": [
          -1.7008391871989296e-05,
          0.6374932325984969,
          -0.0029349546492250466
        ]
      },
      {
        "translation_vector": [
          0.8075,
          -0.6425,
          0.0402
        ],
        "canting_e": [
          0.8024865486148033,
          -0.0,
          0.004643493639490212
        ],
        "canting_n": [
          1.7008391871989296e-05,
          0.6374932325984969,
          -0.0029349546492250466
        ]
      }
    ]
  },
  "renovation": "2021-03-04"
}
