{
    "motor_position": {
        "axis_1_motor_position": 30076,
        "axis_2_motor_position": 37935
    },
    "target_name": "solar_tower_juelich_lower",
    "focal_spot": {
        "HeliOS": [
            50.91339203324901,
            6.387829833293479,
            122.04976089554536
        ],
        "UTIS": [
            50.91339204305797,
            6.387831520033172,
            122.0087432861328
        ]
    },
    "sun_elevation": 46.22075476078824,
    "sun_azimuth": 50.34934144284222
}