{
    "motor_position": {
        "axis_1_motor_position": 29863,
        "axis_2_motor_position": 62548
    },
    "target_name": "solar_tower_juelich_lower",
    "focal_spot": {
        "HeliOS": [
            50.91339201785722,
            6.387792754746191,
            122.35921422328602
        ],
        "UTIS": [
            50.91339204305797,
            6.387793255371439,
            122.36432266235352
        ]
    },
    "sun_elevation": 43.36354356951399,
    "sun_azimuth": -53.71672078387087
}