{
    "motor_position": {
        "axis_1_motor_position": 23100,
        "axis_2_motor_position": 39015
    },
    "target_name": "multi_focus_tower",
    "focal_spot": {
        "HeliOS": [
            50.913395618296285,
            6.387573820092222,
            138.65147222494983
        ],
        "UTIS": [
            50.913395620694814,
            6.3875742843007055,
            138.6929817199707
        ]
    },
    "sun_elevation": 41.743099690869826,
    "sun_azimuth": 61.67139764042435
}
