{
    "motor_position": {
        "axis_1_motor_position": 24810,
        "axis_2_motor_position": 54260
    },
    "target_name": "multi_focus_tower",
    "focal_spot": {
        "HeliOS": [
            50.913395618299305,
            6.387574082411708,
            138.68539882227918
        ],
        "UTIS": [
            50.913395620694814,
            6.387575101256503,
            138.68528747558594
        ]
    },
    "sun_elevation": 57.70566616209893,
    "sun_azimuth": -2.5585424862802917
}
