{
    "motor_position": {
        "axis_1_motor_position": 28061,
        "axis_2_motor_position": 47874
    },
    "target_name": "solar_tower_juelich_lower",
    "focal_spot": {
        "HeliOS": [
            50.91339202845171,
            6.387825415672288,
            122.84648628718551
        ],
        "UTIS": [
            50.91339204305797,
            6.387826907411465,
            122.7989273071289
        ]
    },
    "sun_elevation": 59.87137244638667,
    "sun_azimuth": 10.872092580221869
}