{
    "motor_position": {
        "axis_1_motor_position": 22703,
        "axis_2_motor_position": 54953
    },
    "target_name": "multi_focus_tower",
    "focal_spot": {
        "HeliOS": [
            50.913395618631775,
            6.387572781992527,
            138.85524365795598
        ],
        "UTIS": [
            50.913395620694814,
            6.387573929209837,
            138.8671913146973
        ]
    },
    "sun_elevation": 62.084078849969615,
    "sun_azimuth": -7.599387418758689
}