{
    "motor_position": {
        "axis_1_motor_position": 24561,
        "axis_2_motor_position": 62882
    },
    "target_name": "solar_tower_juelich_lower",
    "focal_spot": {
        "HeliOS": [
            50.91339202671035,
            6.387823664641797,
            123.068479953447
        ],
        "UTIS": [
            50.91339204305797,
            6.387825359343557,
            123.07244873046876
        ]
    },
    "sun_elevation": 46.401124540562755,
    "sun_azimuth": -67.61780125287775
}
