{
    "motor_position": {
        "axis_1_motor_position": 28837,
        "axis_2_motor_position": 70357
    },
    "target_name": "multi_focus_tower",
    "focal_spot": {
        "HeliOS": [
            50.91339561809233,
            6.3875752345482715,
            138.5341255112699
        ],
        "UTIS": [
            50.913395620694814,
            6.387576142174752,
            138.54986953735352
        ]
    },
    "sun_elevation": 23.375303561551995,
    "sun_azimuth": -62.23899565972679
}