{
    "motor_position": {
        "axis_1_motor_position": 26251,
        "axis_2_motor_position": 68626
    },
    "target_name": "multi_focus_tower",
    "focal_spot": {
        "HeliOS": [
            50.913395621350936,
            6.387568820525644,
            139.87551936807645
        ],
        "UTIS": [
            50.913395620694814,
            6.3875698300569015,
            139.89251708984375
        ]
    },
    "sun_elevation": 26.085923064789636,
    "sun_azimuth": -55.54514087388322
}