{
    "motor_position": {
        "axis_1_motor_position": 30952,
        "axis_2_motor_position": 46259
    },
    "target_name": "solar_tower_juelich_upper",
    "focal_spot": {
        "HeliOS": [
            50.91339202942457,
            6.3878273491982,
            130.07523081562886
        ],
        "UTIS": [
            50.91339204305797,
            6.3878272920706385,
            130.1238250732422
        ]
    },
    "sun_elevation": 60.58503833190532,
    "sun_azimuth": -12.277435282471162
}