{
    "motor_position": {
        "axis_1_motor_position": 36699,
        "axis_2_motor_position": 65055
    },
    "target_name": "solar_tower_juelich_lower",
    "focal_spot": {
        "HeliOS": [
            50.91339202866509,
            6.387827089226767,
            122.98429753965004
        ],
        "UTIS": [
            50.91339204305797,
            6.387826309943211,
            122.97613906860352
        ]
    },
    "sun_elevation": 24.459723269737303,
    "sun_azimuth": -77.31094753370006
}