{
    "motor_position": {
        "axis_1_motor_position": 27554,
        "axis_2_motor_position": 60806
    },
    "target_name": "multi_focus_tower",
    "focal_spot": {
        "HeliOS": [
            50.91339561803419,
            6.387576871315002,
            138.84432738497864
        ],
        "UTIS": [
            50.913395620694814,
            6.3875767704792015,
            138.80078887939453
        ]
    },
    "sun_elevation": 49.812016151507066,
    "sun_azimuth": -59.36694927293849
}