{
    "model_type": "HeliokonAlignmentModel",
    "model_parameters": {
        "position_east": -57.2,
        "position_north": 66.4,
        "position_up": 88.729,
        "actuator_1_increment": 154166.666,
        "actuator_1_actuator_offset": 0.340617087064052,
        "actuator_1_joint_radius": 0.32038609520389616,
        "actuator_1_initial_stroke": 0.075,
        "actuator_1_initial_angle": 1.5707963267948966,
        "actuator_1_min_steps": 0.0,
        "actuator_1_max_steps": 69525.0,
        "actuator_1_rotating_clockwise": true,
        "actuator_2_increment": 154166.666,
        "actuator_2_actuator_offset": 0.3478505426185217,
        "actuator_2_joint_radius": 0.309,
        "actuator_2_initial_stroke": 0.075,
        "actuator_2_initial_angle": 0.9599310885968813,
        "actuator_2_min_steps": 0.0,
        "actuator_2_max_steps": 75690.0,
        "actuator_2_rotating_clockwise": false,
        "joint_2_pivot_east": 0.0,
        "joint_2_pivot_north": 0.0,
        "joint_2_pivot_up": 0.315,
        "concentrator_pivot_east": 0.0,
        "concentrator_pivot_north": -0.17755,
        "concentrator_pivot_up": -0.4045
    },
    "disturbance_type": "SNNAlignmentDisturbanceModel",
    "disturbance_model_state": {
        "network.fc0.weight": [
            [
                1.079721855090662,
                -0.4031937260961853,
                -0.38116934036991823,
                0.14661576554618577,
                0.37499882776522153,
                -0.5926139780334186,
                -1.1987654897847866,
                -0.43499459255168443,
                0.43189859455705887,
                -0.09592980110244177,
                -0.7829217250309278,
                0.5123658305785892,
                -0.2559219814647971,
                -0.27486234848543933
            ],
            [
                -0.12035172198471458,
                0.20596580280239662,
                0.29086368659342215,
                0.3177259395085806,
                -0.07792890257314926,
                1.6956570983931918,
                0.48640299718666613,
                1.2571986941233326,
                -0.5389310437504597,
                0.7412820220576473,
                1.0555173714574344,
                0.477548125451579,
                -0.028412935094325766,
                0.06743277987312815
            ]
        ],
        "network.fc1.weight": [
            [
                0.2848368663535692,
                0.08262963819370875
            ],
            [
                1.5890856768716075,
                0.5557412720284394
            ]
        ],
        "network.fc2.weight": [
            [
                0.5206020557867767,
                0.05480998385264724
            ],
            [
                1.41930584912885,
                0.07972320806041758
            ]
        ],
        "network.fc3.weight": [
            [
                1.0426583758849846,
                0.950290227239664
            ],
            [
                0.04193433571178748,
                1.8060351083267747
            ]
        ],
        "network.fc4.weight": [
            [
                0.4755387427874837,
                0.5426371083060622
            ],
            [
                -0.4189065587186581,
                -0.28260828565445534
            ]
        ],
        "network.fc5.weight": [
            [
                0.11085524468527132,
                0.9669558079602374
            ],
            [
                0.6985993833614889,
                0.2873148980327396
            ]
        ],
        "network.fc6.weight": [
            [
                0.6424149608498516,
                1.0851238319192094
            ],
            [
                0.07509369763923879,
                0.7833427642394036
            ]
        ],
        "network.fc7.weight": [
            [
                0.06910569295338509,
                0.07131501302757202
            ],
            [
                -0.1811286105944429,
                0.41863072655563505
            ]
        ],
        "network.fc8.weight": [
            [
                0.010940818398203878,
                -0.7026914306814833
            ],
            [
                0.5251620683784475,
                0.22339481228206187
            ]
        ],
        "network.fc9.weight": [
            [
                0.9911562328888585,
                0.13326583148838209
            ],
            [
                0.882785563792372,
                1.5716431135734146
            ]
        ],
        "network.fc10.weight": [
            [
                0.6152659634376273,
                0.33147150432763794
            ],
            [
                1.3419237803191892,
                0.4852109529653826
            ]
        ],
        "network.fc11.weight": [
            [
                0.8602024629083668,
                0.5101327956829277
            ],
            [
                0.4423261194279218,
                -0.7690247375192167
            ]
        ],
        "network.fc12.weight": [
            [
                -0.3918378353173197,
                -0.14002994385294798
            ],
            [
                0.6012711645590165,
                0.4240218138738314
            ]
        ],
        "network.fc13.weight": [
            [
                -0.1858951316263334,
                0.6726253522011767
            ],
            [
                -0.1151601008139812,
                0.7736034494867562
            ]
        ],
        "network.fc_14.weight": [
            [
                0.0451424452017885,
                0.040790203825992
            ],
            [
                0.1280699900066235,
                0.3053191850988064
            ],
            [
                0.0025076716558598716,
                0.1086633650677963
            ],
            [
                -0.09877390113002482,
                -0.2316684279124418
            ],
            [
                -0.18654423111286522,
                -0.1484785679460553
            ],
            [
                -0.06125069458454823,
                0.19209215695934914
            ],
            [
                -0.0194559671656831,
                -0.09665673185775632
            ],
            [
                0.0986967180799275,
                -0.028650723811885714
            ],
            [
                -0.048736939226839776,
                -0.37043660633862935
            ],
            [
                0.32740309696331116,
                0.09229398308553972
            ],
            [
                -0.19851975305177638,
                -0.07646663826574891
            ],
            [
                -0.22727732984114452,
                -0.31702416961841806
            ],
            [
                -0.21912008340080982,
                -0.5812502827822834
            ],
            [
                -0.28653425871611865,
                -0.1906848362344291
            ],
            [
                -0.1476990362031544,
                -0.15760795103621023
            ],
            [
                0.7677662195410265,
                -0.04237351767410475
            ],
            [
                0.08570236768741653,
                0.13712656567664563
            ],
            [
                -0.14472920998683003,
                0.08487702276649414
            ],
            [
                0.008855503255195083,
                0.004697710430901303
            ],
            [
                0.07813265653166694,
                0.06433288817220471
            ]
        ],