{
    "model_type": "HeliokonAlignmentModel",
    "model_parameters": {
        "position_east": -57.2,
        "position_north": 66.4,
        "position_up": 88.729,
        "actuator_1_increment": 154166.666,
        "actuator_1_actuator_offset": 0.340617087064052,
        "actuator_1_joint_radius": 0.32038609520389616,
        "actuator_1_initial_stroke": 0.075,
        "actuator_1_initial_angle": 1.5707963267948966,
        "actuator_1_min_steps": 0.0,
        "actuator_1_max_steps": 69525.0,
        "actuator_1_rotating_clockwise": true,
        "actuator_2_increment": 154166.666,
        "actuator_2_actuator_offset": 0.3478505426185217,
        "actuator_2_joint_radius": 0.309,
        "actuator_2_initial_stroke": 0.075,
        "actuator_2_initial_angle": 0.9599310885968813,
        "actuator_2_min_steps": 0.0,
        "actuator_2_max_steps": 75690.0,
        "actuator_2_rotating_clockwise": false,
        "joint_2_pivot_east": 0.0,
        "joint_2_pivot_north": 0.0,
        "joint_2_pivot_up": 0.315,
        "concentrator_pivot_east": 0.0,
        "concentrator_pivot_north": -0.17755,
        "concentrator_pivot_up": -0.4045
    },
    "disturbance_type": "SNNAlignmentDisturbanceModel",
    "disturbance_model_state": {
        "network.fc0.weight": [
            [
                1.1348371950133727,
                -0.5339792657909302,
                -0.6540570006822147,
                0.9470851345650882,
                1.1857993989174984,
                -0.6538045354462731,
                -1.9474270561247322,
                -1.4362451295548118,
                -0.2542486935804463,
                0.5165226570026972,
                -0.6917615410404322,
                1.3597232761655846,
                -0.23308108490429458,
                -0.4822128018380042
            ],
            [
                0.13555822093222816,
                0.33574643079986166,
                -0.08176646239158203,
                1.1018771339548197,
                0.6778753232244837,
                1.430561715493304,
                -0.2557962622323296,
                0.6319762500009679,
                -1.0780223559407727,
                1.284602670328586,
                1.0943185343879138,
                1.0298148004872048,
                0.19955993912847916,
                0.34967617682543084
            ]
        ],
        "network.fc1.weight": [
            [
                1.0594269079004317,
                -0.13620629779171936
            ],
            [
                2.343914593943491,
                0.31439585713010454
            ]
        ],
        "network.fc2.weight": [
            [
                1.403861287118908,
                1.06586748021319
            ],
            [
                1.945352181319107,
                1.14694235451741
            ]
        ],
        "network.fc3.weight": [
            [
                1.9080897647039987,
                1.852300993467727
            ],
            [
                0.9105086505125056,
                2.58867278647372
            ]
        ],
        "network.fc4.weight": [
            [
                0.5593381774286483,
                0.6034579847204982
            ],
            [
                -0.9824488554530134,
                -0.865816509198263
            ]
        ],
        "network.fc5.weight": [
            [
                -0.14064902384905073,
                0.9557373630654967
            ],
            [
                0.59701521457458,
                0.5517166275596352
            ]
        ],
        "network.fc6.weight": [
            [
                0.10052067276758515,
                0.3402301252922756
            ],
            [
                0.4013908678322714,
                1.369907140442696
            ]
        ],
        "network.fc7.weight": [
            [
                -0.16757492161596776,
                -0.3150758562232618
            ],
            [
                0.38618312313672926,
                1.0040723051803844
            ]
        ],
        "network.fc8.weight": [
            [
                -0.16646219033908521,
                -1.1582906658260628
            ],
            [
                0.606274201383433,
                -0.6906302572999518
            ]
        ],
        "network.fc9.weight": [
            [
                0.15006669858019675,
                -0.24533167030527578
            ],
            [
                0.8346376145387012,
                1.5444372751826128
            ]
        ],
        "network.fc10.weight": [
            [
                0.29001838928102824,
                -0.7257811824493484
            ],
            [
                0.5036079560932355,
                1.1509819286755822
            ]
        ],
        "network.fc11.weight": [
            [
                -0.2088788563036353,
                -0.33867296209266395
            ],
            [
                -0.31032255943642095,
                -0.5271642206607325
            ]
        ],
        "network.fc12.weight": [
            [
                0.05047349284385661,
                0.015992318720650194
            ],
            [
                -0.20927576375721751,
                0.3567949781160372
            ]
        ],
        "network.fc13.weight": [
            [
                0.25930915269875665,
                -0.003958701963104505
            ],
            [
                -0.14968099288693804,
                0.10134959676199227
            ]
        ],
        "network.fc_14.weight": [
            [
                0.25838367351107844,
                0.05290379726732527
            ],
            [
                -0.4697169499133823,
                -0.023744823673144153
            ],
            [
                -0.17867784540622422,
                -0.09970528384796386
            ],
            [
                0.6354810858203539,
                0.8411013103356106
            ],
            [
                -0.6600824091112276,
                -0.7255403692296043
            ],
            [
                -0.3922961002277265,
                0.006726230734489122
            ],
            [
                -0.3655719440470207,
                -0.23432721728931635
            ],
            [
                0.007193172909717537,
                -0.5059843322815925
            ],
            [
                0.17275292074414597,
                -0.022865661706069396
            ],
            [
                0.05370480060308739,
                0.06833833835843418
            ],
            [
                -0.2521275788386651,
                0.054594583886453156
            ],
            [
                -0.16143298555712274,
                -0.33868764700765125
            ],
            [
                -0.4925648972337317,
                -0.6047938665572554
            ],
            [
                -0.606016115884779,
                0.6584179793751259
            ],
            [
                -0.11372732855309403,
                -0.1292115447374304
            ],
            [
                0.49537656610073555,
                -0.07055356014945642
            ],
            [
                -0.09935707108358012,
                0.18011858575374126
            ],
            [
                -0.1054461948017825,
                0.11708453316129559
            ],
            [
                0.29412064587722925,
                0.24836378577005316
            ],
            [
                0.04745425278924076,
                0.1713228242588856
            ]
        ],