{
    "model_type": "HeliokonAlignmentModel",
    "model_parameters": {
        "position_east": -57.2,
        "position_north": 66.4,
        "position_up": 88.729,
        "actuator_1_increment": 154166.666,
        "actuator_1_actuator_offset": 0.340617087064052,
        "actuator_1_joint_radius": 0.32038609520389616,
        "actuator_1_initial_stroke": 0.075,
        "actuator_1_initial_angle": 1.5707963267948966,
        "actuator_1_min_steps": 0.0,
        "actuator_1_max_steps": 69525.0,
        "actuator_1_rotating_clockwise": true,
        "actuator_2_increment": 154166.666,
        "actuator_2_actuator_offset": 0.3478505426185217,
        "actuator_2_joint_radius": 0.309,
        "actuator_2_initial_stroke": 0.075,
        "actuator_2_initial_angle": 0.9599310885968813,
        "actuator_2_min_steps": 0.0,
        "actuator_2_max_steps": 75690.0,
        "actuator_2_rotating_clockwise": false,
        "joint_2_pivot_east": 0.0,
        "joint_2_pivot_north": 0.0,
        "joint_2_pivot_up": 0.315,
        "concentrator_pivot_east": 0.0,
        "concentrator_pivot_north": -0.17755,
        "concentrator_pivot_up": -0.4045
    },
    "disturbance_type": "RigidBodyAlignmentDisturbanceModel",
    "disturbance_model_state": {
        "position_azim": 0.12152265742995935,
        "position_elev": -0.6348153661125245,
        "position_rad": -0.6712949161337584,
        "joint_2_cosys_pivot_azim": -0.08469946261947851,
        "joint_2_cosys_pivot_elev": -0.02897345031446321,
        "joint_2_cosys_pivot_rad": 0.8169209836280932,
        "concentrator_cosys_pivot_azim": 0.6400187442170556,
        "concentrator_cosys_pivot_elev": -0.09839273957228453,
        "concentrator_cosys_pivot_rad": 1.885483289240219,
        "joint_1_east_tilt": -0.10821024801608659,
        "joint_1_north_tilt": -0.06244740719245603,
        "joint_1_up_tilt": -0.6992286539828065,
        "joint_2_east_tilt": -0.10745905554717723,
        "joint_2_north_tilt": -0.13617622126326173,
        "joint_2_up_tilt": -0.0780934885333656,
        "actuator_1_increment": 1.3038786734849266,
        "actuator_2_increment": 0.6019540944137576
    },
    "disturbance_parameters": [
        "position_azim",
        "position_elev",
        "position_rad",
        "joint_2_cosys_pivot_azim",
        "joint_2_cosys_pivot_elev",
        "joint_2_cosys_pivot_rad",
        "concentrator_cosys_pivot_azim",
        "concentrator_cosys_pivot_elev",
        "concentrator_cosys_pivot_rad",
        "joint_1_east_tilt",
        "joint_1_north_tilt",
        "joint_1_up_tilt",
        "joint_2_east_tilt",
        "joint_2_north_tilt",
        "joint_2_up_tilt",
        "actuator_1_increment",
        "actuator_2_increment"
    ],
    "disturbance_input_encoder_type": null,
    "disturbance_input_encoder_parameters": null
}