{
  "motor_position": {
    "axis_1_motor_position": 24560,
    "axis_2_motor_position": 49189
  },
  "target_name": "solar_tower_juelich_upper",
  "focal_spot": {
    "HeliOS": [50.9133920275277, 6.38782591993737, 130.166715680752],
    "UTIS": [50.913392043058, 6.38782614314434, 130.153339385986]
  },
  "sun_elevation": 47.8726240591006,
  "sun_azimuth": -65.083478151508
}
