{"motor_position": {"axis_1_motor_position": 24560, "axis_2_motor_position": 49189}, "target_name": "solar_tower_juelich_upper", "sun_elevation": 47.872624059100566, "sun_azimuth": -65.08347815150802, "focal_spot": {"HeliOS": [50.91339202434541, 6.387825677708846, 130.16671568075242], "UTIS": [50.91339203913275, 6.387825901039664, 130.15333938598633]}}
