{
    "motor_position": {
        "axis_1_motor_position": 27834,
        "axis_2_motor_position": 20458
    },
    "target_name": "solar_tower_juelich_lower",
    "focal_spot": {
        "HeliOS": [
            50.9133920280681,
            6.3878252006769705,
            122.9162076007083
        ],
        "UTIS": [
            50.91339204305797,
            6.387825133340274,
            122.78834533691406
        ]
    },
    "sun_elevation": 50.5553624952223,
    "sun_azimuth": 59.79079145762157
}
