{
    "motor_position": {
        "axis_1_motor_position": 37154,
        "axis_2_motor_position": 53532
    },
    "target_name": "multi_focus_tower",
    "focal_spot": {
        "HeliOS": [
            50.91339561850795,
            6.387573207587287,
            138.79640251964133
        ],
        "UTIS": [
            50.913395620694814,
            6.387573670966863,
            138.72187423706055
        ]
    },
    "sun_elevation": 25.821872379749628,
    "sun_azimuth": -33.07542905243782
}