{
    "motor_position": {
        "axis_1_motor_position": 20670,
        "axis_2_motor_position": 62318
    },
    "target_name": "multi_focus_tower",
    "focal_spot": {
        "HeliOS": [
            50.91339561808234,
            6.3875745170892655,
            138.4529552311593
        ],
        "UTIS": [
            50.913395620694814,
            6.387574309224597,
            138.36756896972656
        ]
    },
    "sun_elevation": 30.845229151601448,
    "sun_azimuth": -81.33755963836417
}