{
    "motor_position": {
        "axis_1_motor_position": 26651,
        "axis_2_motor_position": 15875
    },
    "target_name": "solar_tower_juelich_lower",
    "focal_spot": {
        "HeliOS": [
            50.91339202766605,
            6.387824648911706,
            122.95207982102536
        ],
        "UTIS": [
            50.91339204305797,
            6.3878247814971045,
            122.85425567626952
        ]
    },
    "sun_elevation": 43.50119019691307,
    "sun_azimuth": 72.1563718752857
}
