{
    "motor_position": {
        "axis_1_motor_position": 35515,
        "axis_2_motor_position": 45453
    },
    "target_name": "solar_tower_juelich_lower",
    "focal_spot": {
        "HeliOS": [
            50.91339202720616,
            6.387827567223077,
            123.42369261818736
        ],
        "UTIS": [
            50.91339204305797,
            6.387827234778233,
            123.28417587280272
        ]
    },
    "sun_elevation": 39.45216249632836,
    "sun_azimuth": -39.63765603299832
}