{"motor_position": {"Axis1MotorPosition": 26370, "Axis2MotorPosition": 68271}, "target_name": "multi_focus_tower", "focal_spot": {"HeliOS": [50.9132708465713, 6.387266546193392, 137.6960063958947], "UTIS": [50.91327084948549, 6.387266919728237, 137.74108505249023]}}