{
    "motor_position": {
        "axis_1_motor_position": 26586,
        "axis_2_motor_position": 71747
    },
    "target_name": "solar_tower_juelich_lower",
    "focal_spot": {
        "HeliOS": [
            50.91339202912005,
            6.3878292687592015,
            123.13883793681428
        ],
        "UTIS": [
            50.91339204305797,
            6.387829738439388,
            123.0079116821289
        ]
    },
    "sun_elevation": 16.803255597331827,
    "sun_azimuth": -92.20870694693085
}
