{
    "motor_position": {
        "axis_1_motor_position": 55503,
        "axis_2_motor_position": 64125
    },
    "target_name": "solar_tower_juelich_lower",
    "focal_spot": {
        "HeliOS": [
            50.91339201542129,
            6.387811083540995,
            123.9698045595096
        ],
        "UTIS": [
            50.91339204305797,
            6.387810951517312,
            123.95208358764648
        ]
    },
    "sun_elevation": 20.638618243063863,
    "sun_azimuth": -50.015799913215915
}