{
    "motor_position": {
        "axis_1_motor_position": 56775,
        "axis_2_motor_position": 66952
    },
    "target_name": "solar_tower_juelich_lower",
    "focal_spot": {
        "HeliOS": [
            50.91339202656274,
            6.387822277577854,
            122.9545585199979
        ],
        "UTIS": [
            50.91339204305797,
            6.387822277785099,
            122.93660354614258
        ]
    },
    "sun_elevation": 15.29975857842804,
    "sun_azimuth": -59.35651843265227
}