{
    "motor_position": {
        "axis_1_motor_position": 57351,
        "axis_2_motor_position": 68152
    },
    "target_name": "solar_tower_juelich_lower",
    "focal_spot": {
        "HeliOS": [
            50.91339202806764,
            6.387826555208206,
            123.0726559997058
        ],
        "UTIS": [
            50.91339204305797,
            6.387826477725206,
            123.04226684570312
        ]
    },
    "sun_elevation": 12.738321263658225,
    "sun_azimuth": -63.32652025853392
}