{
    "motor_position": {
        "axis_1_motor_position": 50822,
        "axis_2_motor_position": 45606
    },
    "target_name": "multi_focus_tower",
    "focal_spot": {
        "HeliOS": [
            50.91339561800771,
            6.387576542304361,
            138.55761220361103
        ],
        "UTIS": [
            50.913395620694814,
            6.387576916062931,
            138.55475997924805
        ]
    },
    "sun_elevation": 32.936674139848456,
    "sun_azimuth": 18.45613300912509
}