{"motor_position": {"Axis1MotorPosition": 24282, "Axis2MotorPosition": 43957}, "target_name": "multi_focus_tower", "focal_spot": {"HeliOS": [50.91339600253039, 6.387540138450852, 139.56155486890816], "UTIS": [50.91339600036086, 6.387540287121666, 139.56536483764648]}}