{"motor_position": {"Axis1MotorPosition": 18462, "Axis2MotorPosition": 67447}, "target_name": "multi_focus_tower", "focal_spot": {"HeliOS": [50.91339597217979, 6.387548244226541, 138.96649064698113], "UTIS": [50.913395973674604, 6.387548314047477, 139.03892135620117]}}