{"motor_position": {"Axis1MotorPosition": 18416, "Axis2MotorPosition": 67460}, "target_name": "multi_focus_tower", "focal_spot": {"HeliOS": [50.913395981604715, 6.3875457746011595, 139.35529067759285], "UTIS": [50.913395982462866, 6.3875456706602725, 139.44402694702148]}}