{"motor_position": {"Axis1MotorPosition": 18519, "Axis2MotorPosition": 66933}, "target_name": "multi_focus_tower", "focal_spot": {"HeliOS": [50.91339597610327, 6.387547262918218, 139.26021655212787], "UTIS": [50.91339597788895, 6.387547046431171, 139.35087966918945]}}