{"motor_position": {"Axis1MotorPosition": 18412, "Axis2MotorPosition": 67692}, "target_name": "multi_focus_tower", "focal_spot": {"HeliOS": [50.91339599200142, 6.387542934140562, 139.42968214195145], "UTIS": [50.91339598999065, 6.387543406383661, 139.4838104248047]}}