{"motor_position": {"Axis1MotorPosition": 18581, "Axis2MotorPosition": 66846}, "target_name": "multi_focus_tower", "focal_spot": {"HeliOS": [50.91339595673588, 6.387552660379065, 138.96238076932542], "UTIS": [50.91339595769019, 6.38755312190966, 139.03516387939453]}}