{"motor_position": {"Axis1MotorPosition": 18496, "Axis2MotorPosition": 66944}, "target_name": "multi_focus_tower", "focal_spot": {"HeliOS": [50.913395995346164, 6.387542124781613, 139.57632214444718], "UTIS": [50.9133959928507, 6.387542546109877, 139.6413345336914]}}