{"motor_position": {"Axis1MotorPosition": 28140, "Axis2MotorPosition": 36362}, "target_name": "solar_tower_juelich_lower", "focal_spot": {"HeliOS": [50.913391621825255, 6.387769621853029, 123.96487195721176], "UTIS": [50.91339165815083, 6.38777019233607, 123.9653091430664]}}