{"motor_position": {"Axis1MotorPosition": 29250, "Axis2MotorPosition": 37320}, "target_name": "solar_tower_juelich_lower", "focal_spot": {"HeliOS": [50.91339152965198, 6.387805527415726, 122.27260955481576], "UTIS": [50.91339153531301, 6.387807117355063, 122.24805068969728]}}