{"motor_position": {"Axis1MotorPosition": 30076, "Axis2MotorPosition": 37935}, "target_name": "solar_tower_juelich_lower", "focal_spot": {"HeliOS": [50.91339152766863, 6.387806466708129, 122.04976089554536], "UTIS": [50.91339153186597, 6.387808153488408, 122.0087432861328]}}