{"motor_position": {"Axis1MotorPosition": 25620, "Axis2MotorPosition": 70498}, "target_name": "solar_tower_juelich_lower", "focal_spot": {"HeliOS": [50.91339158055454, 6.387788769540316, 122.0226770361519], "UTIS": [50.91339159503375, 6.387789165755984, 121.97230529785156]}}