{"motor_position": {"Axis1MotorPosition": 29863, "Axis2MotorPosition": 62548}, "target_name": "solar_tower_juelich_lower", "focal_spot": {"HeliOS": [50.91339163562252, 6.387769388935356, 122.35921422328602], "UTIS": [50.91339165915739, 6.387769889758175, 122.36432266235352]}}