{"motor_position": {"Axis1MotorPosition": 27966, "Axis2MotorPosition": 66260}, "target_name": "solar_tower_juelich_lower", "focal_spot": {"HeliOS": [50.91339153007491, 6.3878044542413415, 122.9961467886739], "UTIS": [50.91339153913487, 6.387805968558439, 123.02615356445312]}}