{"motor_position": {"Axis1MotorPosition": 27203, "Axis2MotorPosition": 31878}, "target_name": "solar_tower_juelich_upper", "focal_spot": {"HeliOS": [50.913391530625134, 6.3878016266913065, 128.50384160594783], "UTIS": [50.91339155085791, 6.387802444754506, 128.5362091064453]}}