{"motor_position": {"Axis1MotorPosition": 26101, "Axis2MotorPosition": 29423}, "target_name": "solar_tower_juelich_upper", "focal_spot": {"HeliOS": [50.91339150115528, 6.387822253007946, 130.25290110615128], "UTIS": [50.913391480456355, 6.3878236061213665, 130.40326309204102]}}