{"motor_position": {"Axis1MotorPosition": 28788, "Axis2MotorPosition": 39677}, "target_name": "solar_tower_juelich_upper", "focal_spot": {"HeliOS": [50.91339154467776, 6.387795079302489, 128.8669127610814], "UTIS": [50.91339157322865, 6.387795720295052, 128.94158935546875]}}