{"motor_position": {"Axis1MotorPosition": 28860, "Axis2MotorPosition": 42355}, "target_name": "solar_tower_juelich_upper", "focal_spot": {"HeliOS": [50.913391534242514, 6.387802520612462, 129.95713076388608], "UTIS": [50.91339154787415, 6.387803341640187, 130.04359436035156]}}