{"motor_position": {"Axis1MotorPosition": 26556, "Axis2MotorPosition": 31667}, "target_name": "solar_tower_juelich_upper", "focal_spot": {"HeliOS": [50.91339149184329, 6.38783459127078, 131.64083468595717], "UTIS": [50.91339143934364, 6.387835963283722, 131.72131729125977]}}