{"motor_position": {"Axis1MotorPosition": 25922, "Axis2MotorPosition": 27560}, "target_name": "solar_tower_juelich_upper", "focal_spot": {"HeliOS": [50.913391531251165, 6.387804229841764, 129.9695016837484], "UTIS": [50.913391543471235, 6.3878046651032045, 130.0437469482422]}}