{"motor_position": {"Axis1MotorPosition": 29652, "Axis2MotorPosition": 45867}, "target_name": "solar_tower_juelich_upper", "focal_spot": {"HeliOS": [50.91339153505204, 6.3878020231154125, 129.93642040772988], "UTIS": [50.913391550520124, 6.387802546291804, 129.94451141357422]}}