{"motor_position": {"Axis1MotorPosition": 29355, "Axis2MotorPosition": 38337}, "target_name": "solar_tower_juelich_upper", "focal_spot": {"HeliOS": [50.91339153301816, 6.387802933385657, 129.8277934913346], "UTIS": [50.91339154624207, 6.387803832227514, 129.9278793334961]}}