{"motor_position": {"Axis1MotorPosition": 30622, "Axis2MotorPosition": 45121}, "target_name": "solar_tower_juelich_upper", "focal_spot": {"HeliOS": [50.913391533179656, 6.387802832521884, 129.82250648011302], "UTIS": [50.91339154695794, 6.387803617043836, 129.89968490600586]}}