{"motor_position": {"Axis1MotorPosition": 30930, "Axis2MotorPosition": 38220}, "target_name": "solar_tower_juelich_upper", "focal_spot": {"HeliOS": [50.91339153027566, 6.387804142762324, 129.68517299836466], "UTIS": [50.91339154242984, 6.387804978135861, 129.78972244262695]}}