{"motor_position": {"Axis1MotorPosition": 31723, "Axis2MotorPosition": 41038}, "target_name": "solar_tower_juelich_upper", "focal_spot": {"HeliOS": [50.91339153029468, 6.387804153785983, 129.69500189109178], "UTIS": [50.9133915428576, 6.387804849553137, 129.7665557861328]}}