{"motor_position": {"Axis1MotorPosition": 33953, "Axis2MotorPosition": 40897}, "target_name": "solar_tower_juelich_lower", "focal_spot": {"HeliOS": [50.913391532092824, 6.387803984341258, 122.8212591389299], "UTIS": [50.91339154246698, 6.387804966969199, 122.82329940795898]}}