{"motor_position": {"Axis1MotorPosition": 36031, "Axis2MotorPosition": 33003}, "target_name": "solar_tower_juelich_upper", "focal_spot": {"HeliOS": [50.913391542926995, 6.387797009130714, 129.56665691860542], "UTIS": [50.913391567927505, 6.387797313791962, 129.72365951538086]}}