{"motor_position": {"Axis1MotorPosition": 37644, "Axis2MotorPosition": 66910}, "target_name": "solar_tower_juelich_lower", "focal_spot": {"HeliOS": [50.91339153352225, 6.387803589137571, 122.74686799890644], "UTIS": [50.91339154360019, 6.387804626341937, 122.64840698242188]}}