{"motor_position": {"Axis1MotorPosition": 37738, "Axis2MotorPosition": 66287}, "target_name": "solar_tower_juelich_lower", "focal_spot": {"HeliOS": [50.91339153224937, 6.387804076939961, 122.7110027162734], "UTIS": [50.913391541829654, 6.3878051585449125, 122.68272399902344]}}