{"motor_position": {"Axis1MotorPosition": 37944, "Axis2MotorPosition": 65751}, "target_name": "solar_tower_juelich_lower", "focal_spot": {"HeliOS": [50.91339155139663, 6.387797862243679, 122.46279225876344], "UTIS": [50.91339156197599, 6.387799102769864, 122.46657180786131]}}