{"motor_position": {"Axis1MotorPosition": 37469, "Axis2MotorPosition": 36631}, "target_name": "solar_tower_juelich_upper", "focal_spot": {"HeliOS": [50.913391525730226, 6.387805443846565, 129.16377883832618], "UTIS": [50.913391538707366, 6.3878060970631925, 129.29790496826172]}}