{"motor_position": {"Axis1MotorPosition": 39595, "Axis2MotorPosition": 37682}, "target_name": "solar_tower_juelich_upper", "focal_spot": {"HeliOS": [50.913391532570046, 6.3878026879740055, 129.59054985970957], "UTIS": [50.91339154780389, 6.3878033627598905, 129.7017822265625]}}