{"motor_position": {"Axis1MotorPosition": 41820, "Axis2MotorPosition": 45441}, "target_name": "solar_tower_juelich_lower", "focal_spot": {"HeliOS": [50.913391539549835, 6.387800105987487, 123.6789328797784], "UTIS": [50.913391555601194, 6.387801018974489, 123.6518669128418]}}