{"motor_position": {"Axis1MotorPosition": 41583, "Axis2MotorPosition": 53180}, "target_name": "solar_tower_juelich_upper", "focal_spot": {"HeliOS": [50.913391535293776, 6.387803146798321, 130.52344719926455], "UTIS": [50.91339154651688, 6.38780374961998, 130.67354202270508]}}