{"motor_position": {"Axis1MotorPosition": 39164, "Axis2MotorPosition": 47277}, "target_name": "multi_focus_tower", "focal_spot": {"HeliOS": [50.913395958959576, 6.387551977979572, 138.66865648369617], "UTIS": [50.91339595788331, 6.3875530638186016, 138.6780128479004]}}