{"motor_position": {"Axis1MotorPosition": 42068, "Axis2MotorPosition": 43772}, "target_name": "solar_tower_juelich_lower", "focal_spot": {"HeliOS": [50.91339153943157, 6.3878003760523985, 123.53239640364592], "UTIS": [50.91339155413409, 6.387801459972889, 123.53290557861328]}}