{"motor_position": {"Axis1MotorPosition": 38583, "Axis2MotorPosition": 45315}, "target_name": "multi_focus_tower", "focal_spot": {"HeliOS": [50.91339595622406, 6.387552770708115, 138.6141256118724], "UTIS": [50.913395954886326, 6.3875539652605555, 138.61145782470703]}}