{"motor_position": {"Axis1MotorPosition": 40809, "Axis2MotorPosition": 48683}, "target_name": "solar_tower_juelich_lower", "focal_spot": {"HeliOS": [50.913391537702786, 6.387801321320786, 123.31472014558436], "UTIS": [50.913391551587594, 6.387802225421466, 123.26551818847656]}}