{"motor_position": {"Axis1MotorPosition": 40166, "Axis2MotorPosition": 41814}, "target_name": "solar_tower_juelich_lower", "focal_spot": {"HeliOS": [50.913391538121346, 6.387801537552878, 123.0675146221223], "UTIS": [50.91339154973309, 6.3878027828663875, 123.06995391845705]}}