{"motor_position": {"Axis1MotorPosition": 40158, "Axis2MotorPosition": 43643}, "target_name": "solar_tower_juelich_lower", "focal_spot": {"HeliOS": [50.913391537396556, 6.387801766331483, 123.08503467200416], "UTIS": [50.91339154969619, 6.387802793958469, 123.09196472167967]}}