{"motor_position": {"Axis1MotorPosition": 40138, "Axis2MotorPosition": 46438}, "target_name": "solar_tower_juelich_lower", "focal_spot": {"HeliOS": [50.91339153845517, 6.387801359509656, 123.1090902881526], "UTIS": [50.913391550524864, 6.387802544868004, 123.12858963012695]}}