{"motor_position": {"Axis1MotorPosition": 40088, "Axis2MotorPosition": 50619}, "target_name": "solar_tower_juelich_lower", "focal_spot": {"HeliOS": [50.91339153629697, 6.387802114676449, 123.11121549118828], "UTIS": [50.913391549446445, 6.3878028690266415, 123.06257247924805]}}