{"motor_position": {"Axis1MotorPosition": 36376, "Axis2MotorPosition": 43786}, "target_name": "multi_focus_tower", "focal_spot": {"HeliOS": [50.91339594078788, 6.387557461062913, 137.86078647208666], "UTIS": [50.91339594110269, 6.387558111096212, 137.90769958496094]}}