{"motor_position": {"Axis1MotorPosition": 33819, "Axis2MotorPosition": 72041}, "target_name": "multi_focus_tower", "focal_spot": {"HeliOS": [50.91339597084905, 6.3875484748605835, 138.5875261021224], "UTIS": [50.913395970664034, 6.387549219584553, 138.58865356445312]}}