{"motor_position": {"Axis1MotorPosition": 32451, "Axis2MotorPosition": 74759}, "target_name": "multi_focus_tower", "focal_spot": {"HeliOS": [50.913395978749804, 6.387546226899139, 138.71406172424278], "UTIS": [50.9133959785165, 6.387546857675914, 138.77688217163086]}}