{"motor_position": {"Axis1MotorPosition": 33778, "Axis2MotorPosition": 51224}, "target_name": "multi_focus_tower", "focal_spot": {"HeliOS": [50.91339594581626, 6.387555870628719, 138.16036454115658], "UTIS": [50.913395947572106, 6.3875561652356225, 138.09029388427734]}}