{"motor_position": {"Axis1MotorPosition": 32141, "Axis2MotorPosition": 46399}, "target_name": "multi_focus_tower", "focal_spot": {"HeliOS": [50.913395968236124, 6.387549291746891, 138.73060381488057], "UTIS": [50.913395966964345, 6.387550332399853, 138.7385597229004]}}