{"motor_position": {"Axis1MotorPosition": 32487, "Axis2MotorPosition": 56167}, "target_name": "multi_focus_tower", "focal_spot": {"HeliOS": [50.913395953362695, 6.3875535751164545, 137.91310550357042], "UTIS": [50.91339595277538, 6.387554600194188, 137.90838241577148]}}