{"motor_position": {"Axis1MotorPosition": 30433, "Axis2MotorPosition": 68044}, "target_name": "multi_focus_tower", "focal_spot": {"HeliOS": [50.91339595857027, 6.387551989026857, 138.021833881753], "UTIS": [50.91339595804138, 6.387553016277226, 138.04875564575195]}}