{"motor_position": {"Axis1MotorPosition": 23579, "Axis2MotorPosition": 72946}, "target_name": "multi_focus_tower", "focal_spot": {"HeliOS": [50.91339597334985, 6.387547817912687, 138.7583167868808], "UTIS": [50.91339597613698, 6.3875475734000515, 138.72573852539062]}}