{"motor_position": {"Axis1MotorPosition": 29574, "Axis2MotorPosition": 50345}, "target_name": "multi_focus_tower", "focal_spot": {"HeliOS": [50.91339593390538, 6.387559742965901, 137.48097690927997], "UTIS": [50.91339593433727, 6.387560145991787, 137.53238677978516]}}