{"motor_position": {"Axis1MotorPosition": 30250, "Axis2MotorPosition": 64392}, "target_name": "solar_tower_juelich_lower", "focal_spot": {"HeliOS": [50.91339154098345, 6.387800960046933, 122.78037446468224], "UTIS": [50.91339155169273, 6.387802193819881, 122.78568649291992]}}