{"motor_position": {"Axis1MotorPosition": 28063, "Axis2MotorPosition": 69180}, "target_name": "solar_tower_juelich_lower", "focal_spot": {"HeliOS": [50.91339153317511, 6.3878035204074015, 122.8864657418673], "UTIS": [50.9133915426796, 6.387804903060907, 122.91467666625977]}}