{"motor_position": {"Axis1MotorPosition": 26011, "Axis2MotorPosition": 71827}, "target_name": "solar_tower_juelich_lower", "focal_spot": {"HeliOS": [50.913391528274296, 6.3878048804490355, 123.15160593710408], "UTIS": [50.91339154207584, 6.387805084541199, 123.15731811523438]}}