{"motor_position": {"Axis1MotorPosition": 23223, "Axis2MotorPosition": 74188}, "target_name": "solar_tower_juelich_lower", "focal_spot": {"HeliOS": [50.913391528583, 6.38780427185054, 123.52367177885284], "UTIS": [50.913391541780705, 6.387805173257516, 123.47152328491212]}}