{"motor_position": {"Axis1MotorPosition": 21490, "Axis2MotorPosition": 75251}, "target_name": "solar_tower_juelich_lower", "focal_spot": {"HeliOS": [50.913391531081615, 6.3878031644427935, 123.67423756534444], "UTIS": [50.913391544771265, 6.387804274331054, 123.5792465209961]}}