{"motor_position": {"Axis1MotorPosition": 27124, "Axis2MotorPosition": 44470}, "target_name": "multi_focus_tower", "focal_spot": {"HeliOS": [50.91339596309922, 6.38755072208687, 138.47624248036178], "UTIS": [50.91339596074939, 6.3875522017549, 138.4744987487793]}}