{"motor_position": {"Axis1MotorPosition": 27999, "Axis2MotorPosition": 51865}, "target_name": "multi_focus_tower", "focal_spot": {"HeliOS": [50.91339593533689, 6.3875592026494505, 137.70724188389752], "UTIS": [50.913395935357016, 6.387559839264495, 137.7569122314453]}}