{"motor_position": {"Axis1MotorPosition": 27973, "Axis2MotorPosition": 53553}, "target_name": "multi_focus_tower", "focal_spot": {"HeliOS": [50.91339594312166, 6.387556732589568, 137.89802780677462], "UTIS": [50.91339594265481, 6.387557644252389, 137.92882919311523]}}