{"motor_position": {"Axis1MotorPosition": 27882, "Axis2MotorPosition": 55394}, "target_name": "multi_focus_tower", "focal_spot": {"HeliOS": [50.91339594826043, 6.387555133831661, 138.11652582174258], "UTIS": [50.91339594801986, 6.38755603055766, 138.09032440185547]}}