{"motor_position": {"Axis1MotorPosition": 21640, "Axis2MotorPosition": 35433}, "target_name": "multi_focus_tower", "focal_spot": {"HeliOS": [50.913395961119505, 6.387551273384369, 138.31348372703175], "UTIS": [50.91339596104639, 6.387552112421593, 138.27491760253906]}}