{"motor_position": {"Axis1MotorPosition": 23100, "Axis2MotorPosition": 39015}, "target_name": "multi_focus_tower", "focal_spot": {"HeliOS": [50.91339596404331, 6.387550489556291, 138.65147222494983], "UTIS": [50.913395964898484, 6.387550953773482, 138.6929817199707]}}