{"motor_position": {"Axis1MotorPosition": 23286, "Axis2MotorPosition": 64137}, "target_name": "multi_focus_tower", "focal_spot": {"HeliOS": [50.913395997261304, 6.387540329723782, 138.1843695109462], "UTIS": [50.91339600250986, 6.387539640716269, 138.12479400634766]}}