{"motor_position": {"Axis1MotorPosition": 22259, "Axis2MotorPosition": 66376}, "target_name": "multi_focus_tower", "focal_spot": {"HeliOS": [50.91339598209261, 6.387544657224269, 137.81626012507914], "UTIS": [50.91339598315207, 6.387545463354928, 137.82211303710938]}}