{"motor_position": {"Axis1MotorPosition": 21059, "Axis2MotorPosition": 68302}, "target_name": "multi_focus_tower", "focal_spot": {"HeliOS": [50.913395978797425, 6.387545694189554, 137.8395584436035], "UTIS": [50.91339597974849, 6.3875464871081205, 137.82488250732422]}}