{"motor_position": {"Axis1MotorPosition": 19454, "Axis2MotorPosition": 70227}, "target_name": "multi_focus_tower", "focal_spot": {"HeliOS": [50.91339596907064, 6.387548642738552, 137.68491441181027], "UTIS": [50.913395970702275, 6.387549208085669, 137.66428756713867]}}