{"motor_position": {"Axis1MotorPosition": 16963, "Axis2MotorPosition": 72374}, "target_name": "multi_focus_tower", "focal_spot": {"HeliOS": [50.91339596100335, 6.387551175314125, 137.70818056409652], "UTIS": [50.913395965379976, 6.387550808952636, 137.70894622802734]}}