{"motor_position": {"Axis1MotorPosition": 23328, "Axis2MotorPosition": 41448}, "target_name": "multi_focus_tower", "focal_spot": {"HeliOS": [50.91339593323914, 6.387559820174853, 137.80039616854916], "UTIS": [50.91339593281036, 6.387560605242007, 137.83875274658203]}}