{"motor_position": {"Axis1MotorPosition": 23854, "Axis2MotorPosition": 43624}, "target_name": "multi_focus_tower", "focal_spot": {"HeliOS": [50.91339593866154, 6.387558082551435, 137.9889704178728], "UTIS": [50.91339593744465, 6.387559211354944, 137.99739837646484]}}