{"motor_position": {"Axis1MotorPosition": 24234, "Axis2MotorPosition": 45597}, "target_name": "multi_focus_tower", "focal_spot": {"HeliOS": [50.913395943406606, 6.387556596081938, 138.18205772854012], "UTIS": [50.91339594240858, 6.387557718317133, 138.18911361694336]}}