{"motor_position": {"Axis1MotorPosition": 24565, "Axis2MotorPosition": 47986}, "target_name": "multi_focus_tower", "focal_spot": {"HeliOS": [50.913395948377605, 6.387555085653906, 138.33048403103783], "UTIS": [50.91339594782196, 6.38755609008608, 138.33681869506836]}}