{"motor_position": {"Axis1MotorPosition": 24740, "Axis2MotorPosition": 49906}, "target_name": "multi_focus_tower", "focal_spot": {"HeliOS": [50.91339595247783, 6.387553862956712, 138.42920836022], "UTIS": [50.91339595194838, 6.387554848938903, 138.43455123901367]}}