{"motor_position": {"Axis1MotorPosition": 24827, "Axis2MotorPosition": 51945}, "target_name": "multi_focus_tower", "focal_spot": {"HeliOS": [50.913395954451936, 6.387553287731799, 138.58234539205958], "UTIS": [50.91339595405643, 6.38755421487311, 138.58624649047852]}}