{"motor_position": {"Axis1MotorPosition": 24810, "Axis2MotorPosition": 54260}, "target_name": "multi_focus_tower", "focal_spot": {"HeliOS": [50.91339596317423, 6.387550751869446, 138.68539882227918], "UTIS": [50.91339596218247, 6.38755177070949, 138.68528747558594]}}