{"motor_position": {"Axis1MotorPosition": 24548, "Axis2MotorPosition": 53176}, "target_name": "multi_focus_tower", "focal_spot": {"HeliOS": [50.913395972647585, 6.387548086487024, 138.90977100205302], "UTIS": [50.913395971176705, 6.387549065380187, 138.93409729003906]}}