{"motor_position": {"Axis1MotorPosition": 23113, "Axis2MotorPosition": 60771}, "target_name": "multi_focus_tower", "focal_spot": {"HeliOS": [50.91339595746609, 6.387552433248482, 138.81856722745118], "UTIS": [50.91339595801892, 6.387553023030108, 138.73469161987305]}}