{"motor_position": {"Axis1MotorPosition": 28061, "Axis2MotorPosition": 47874}, "target_name": "solar_tower_juelich_lower", "focal_spot": {"HeliOS": [50.9133915375677, 6.387802049154566, 122.84648628718551], "UTIS": [50.913391547210985, 6.387803540979002, 122.7989273071289]}}