{"motor_position": {"Axis1MotorPosition": 27289, "Axis2MotorPosition": 57370}, "target_name": "solar_tower_juelich_lower", "focal_spot": {"HeliOS": [50.913391542134704, 6.387800198681716, 123.0223802497698], "UTIS": [50.91339155378989, 6.3878015634357075, 123.00415420532228]}}