{"motor_position": {"Axis1MotorPosition": 23080, "Axis2MotorPosition": 31656}, "target_name": "solar_tower_juelich_upper", "focal_spot": {"HeliOS": [50.91339152222534, 6.387806818106513, 128.9603394510238], "UTIS": [50.9133915334411, 6.3878076800273655, 129.0593605041504]}}