{"motor_position": {"Axis1MotorPosition": 24446, "Axis2MotorPosition": 35951}, "target_name": "solar_tower_juelich_upper", "focal_spot": {"HeliOS": [50.913391525194456, 6.387805637233574, 129.12378463382282], "UTIS": [50.913391537236045, 6.38780653932267, 129.23181915283203]}}