{"motor_position": {"Axis1MotorPosition": 25702, "Axis2MotorPosition": 33826}, "target_name": "solar_tower_juelich_lower", "focal_spot": {"HeliOS": [50.913391529946836, 6.387805141084259, 122.50069327110258], "UTIS": [50.91339153804396, 6.387806296469807, 122.50684356689452]}}