{"motor_position": {"Axis1MotorPosition": 26686, "Axis2MotorPosition": 37742}, "target_name": "solar_tower_juelich_lower", "focal_spot": {"HeliOS": [50.91339153178279, 6.387804399099464, 122.58823557743408], "UTIS": [50.91339153962117, 6.387805822381612, 122.60598373413086]}}