{"motor_position": {"Axis1MotorPosition": 25617, "Axis2MotorPosition": 62075}, "target_name": "solar_tower_juelich_lower", "focal_spot": {"HeliOS": [50.91339154018842, 6.387800806620125, 123.07158019982154], "UTIS": [50.91339155275828, 6.387801873525844, 123.07108688354492]}}