{"motor_position": {"Axis1MotorPosition": 26457, "Axis2MotorPosition": 58938}, "target_name": "solar_tower_juelich_lower", "focal_spot": {"HeliOS": [50.9133915421873, 6.3878000982518905, 123.0763746942703], "UTIS": [50.913391554711836, 6.387801286309938, 123.03678131103516]}}