{"motor_position": {"Axis1MotorPosition": 26032, "Axis2MotorPosition": 60472}, "target_name": "solar_tower_juelich_lower", "focal_spot": {"HeliOS": [50.91339153903472, 6.387801257843508, 123.03992507549304], "UTIS": [50.91339155175609, 6.387802174774858, 123.04949188232422]}}