{"motor_position": {"Axis1MotorPosition": 27427, "Axis2MotorPosition": 46022}, "target_name": "solar_tower_juelich_lower", "focal_spot": {"HeliOS": [50.91339153500985, 6.387803051330964, 122.76391061604365], "UTIS": [50.91339154498985, 6.387804208626062, 122.7787628173828]}}