{"motor_position": {"Axis1MotorPosition": 27487, "Axis2MotorPosition": 49506}, "target_name": "solar_tower_juelich_lower", "focal_spot": {"HeliOS": [50.913391536326856, 6.3878024845634105, 122.84330174899036], "UTIS": [50.91339154679275, 6.3878036666937845, 122.86540603637695]}}