{"motor_position": {"Axis1MotorPosition": 23163, "Axis2MotorPosition": 28569}, "target_name": "solar_tower_juelich_lower", "focal_spot": {"HeliOS": [50.913391527757774, 6.3878059320972955, 122.46665316761523], "UTIS": [50.913391535700555, 6.387807000864473, 122.46909713745116]}}