{"motor_position": {"Axis1MotorPosition": 19534, "Axis2MotorPosition": 38176}, "target_name": "multi_focus_tower", "focal_spot": {"HeliOS": [50.91339593625298, 6.3875587403307446, 138.23461285929798], "UTIS": [50.91339593580759, 6.387559703745812, 138.21122360229492]}}