{"motor_position": {"Axis1MotorPosition": 20634, "Axis2MotorPosition": 40816}, "target_name": "multi_focus_tower", "focal_spot": {"HeliOS": [50.9133959422366, 6.38755691951164, 138.3399014968552], "UTIS": [50.91339594166841, 6.38755794094528, 138.3357048034668]}}