{"motor_position": {"Axis1MotorPosition": 22201, "Axis2MotorPosition": 46708}, "target_name": "multi_focus_tower", "focal_spot": {"HeliOS": [50.91339595170297, 6.387554094670251, 138.55936056204445], "UTIS": [50.91339595080554, 6.387555192685008, 138.5753936767578]}}