{"motor_position": {"Axis1MotorPosition": 22682, "Axis2MotorPosition": 50711}, "target_name": "multi_focus_tower", "focal_spot": {"HeliOS": [50.91339595909803, 6.387551948062217, 138.73327360419302], "UTIS": [50.913395957627436, 6.387553140785185, 138.74509048461914]}}