{"motor_position": {"Axis1MotorPosition": 22703, "Axis2MotorPosition": 54953}, "target_name": "multi_focus_tower", "focal_spot": {"HeliOS": [50.913395967830006, 6.387549451484525, 138.85524365795598], "UTIS": [50.913395966079015, 6.387550598691212, 138.8671913146973]}}