{"motor_position": {"Axis1MotorPosition": 21259, "Axis2MotorPosition": 62431}, "target_name": "multi_focus_tower", "focal_spot": {"HeliOS": [50.91339596775517, 6.387549483637926, 138.88733243907575], "UTIS": [50.91339596577174, 6.3875506911162, 138.8820838928223]}}