{"motor_position": {"Axis1MotorPosition": 20265, "Axis2MotorPosition": 64743}, "target_name": "multi_focus_tower", "focal_spot": {"HeliOS": [50.91339596663547, 6.387549792100593, 138.84358966777344], "UTIS": [50.91339596524517, 6.387550849497048, 138.83924865722656]}}