{"motor_position": {"Axis1MotorPosition": 19123, "Axis2MotorPosition": 66676}, "target_name": "multi_focus_tower", "focal_spot": {"HeliOS": [50.91339596314893, 6.387550786597544, 138.7979653515444], "UTIS": [50.91339596193505, 6.387551845126793, 138.79773330688477]}}