{"motor_position": {"Axis1MotorPosition": 21717, "Axis2MotorPosition": 26862}, "target_name": "solar_tower_juelich_lower", "focal_spot": {"HeliOS": [50.91339152971461, 6.387805170005428, 122.5405860831131], "UTIS": [50.91339153679934, 6.3878066705902725, 122.55694961547852]}}