{"motor_position": {"Axis1MotorPosition": 24514, "Axis2MotorPosition": 32718}, "target_name": "solar_tower_juelich_lower", "focal_spot": {"HeliOS": [50.91339153118252, 6.387804588854886, 122.6008858134242], "UTIS": [50.913391538941795, 6.38780602659525, 122.6159324645996]}}