{"motor_position": {"Axis1MotorPosition": 25703, "Axis2MotorPosition": 36662}, "target_name": "solar_tower_juelich_lower", "focal_spot": {"HeliOS": [50.91339153285387, 6.387803911365289, 122.6786402129234], "UTIS": [50.91339154147572, 6.387805264929912, 122.69968795776369]}}