{"motor_position": {"Axis1MotorPosition": 26209, "Axis2MotorPosition": 38983}, "target_name": "solar_tower_juelich_lower", "focal_spot": {"HeliOS": [50.91339153186539, 6.387804208771129, 122.7115669391578], "UTIS": [50.91339154048845, 6.387805561690565, 122.72151947021484]}}