{"motor_position": {"Axis1MotorPosition": 26469, "Axis2MotorPosition": 40453}, "target_name": "solar_tower_juelich_lower", "focal_spot": {"HeliOS": [50.9133915335649, 6.387803557458818, 122.75940304340315], "UTIS": [50.91339154222371, 6.387805040091511, 122.78091049194336]}}