{"motor_position": {"Axis1MotorPosition": 26737, "Axis2MotorPosition": 42346}, "target_name": "solar_tower_juelich_lower", "focal_spot": {"HeliOS": [50.9133915333985, 6.387803552489811, 122.80567475744172], "UTIS": [50.913391543008444, 6.38780480421527, 122.8215217590332]}}