{"motor_position": {"Axis1MotorPosition": 27055, "Axis2MotorPosition": 47140}, "target_name": "solar_tower_juelich_lower", "focal_spot": {"HeliOS": [50.913391536134235, 6.38780247104707, 122.90058000450684], "UTIS": [50.913391543874276, 6.387804543958143, 122.55319595336914]}}