{"motor_position": {"Axis1MotorPosition": 27041, "Axis2MotorPosition": 50659}, "target_name": "solar_tower_juelich_lower", "focal_spot": {"HeliOS": [50.91339153733036, 6.387801937828965, 122.98223748039784], "UTIS": [50.91339154653933, 6.387803742873879, 122.97887802124023]}}