{"motor_position": {"Axis1MotorPosition": 24561, "Axis2MotorPosition": 62882}, "target_name": "solar_tower_juelich_lower", "focal_spot": {"HeliOS": [50.913391541651535, 6.3878002981522055, 123.068479953447], "UTIS": [50.91339155236099, 6.387801992948785, 123.07244873046876]}}