{"motor_position": {"Axis1MotorPosition": 17176, "Axis2MotorPosition": 34736}, "target_name": "multi_focus_tower", "focal_spot": {"HeliOS": [50.9133959659484, 6.3875499349488765, 138.6585151250945], "UTIS": [50.913395966129514, 6.387550583504009, 138.60511779785156]}}