{"motor_position": {"Axis1MotorPosition": 24837, "Axis2MotorPosition": 42124}, "target_name": "solar_tower_juelich_upper", "focal_spot": {"HeliOS": [50.913391530549944, 6.38780348451739, 129.44644837476278], "UTIS": [50.913391542652484, 6.38780491121047, 129.5902976989746]}}