{"motor_position": {"Axis1MotorPosition": 13521, "Axis2MotorPosition": 30040}, "target_name": "multi_focus_tower", "focal_spot": {"HeliOS": [50.91339594458562, 6.387556182823731, 138.59892077245843], "UTIS": [50.91339594501591, 6.387556934087854, 138.61798477172852]}}