{"motor_position": {"Axis1MotorPosition": 15721, "Axis2MotorPosition": 32120}, "target_name": "multi_focus_tower", "focal_spot": {"HeliOS": [50.91339593958674, 6.3875576992406105, 138.3885344020182], "UTIS": [50.91339594005841, 6.3875584252001465, 138.4188690185547]}}