{"motor_position": {"Axis1MotorPosition": 14662, "Axis2MotorPosition": 31050}, "target_name": "multi_focus_tower", "focal_spot": {"HeliOS": [50.91339594929073, 6.387554802272003, 138.61182410219914], "UTIS": [50.91339595053405, 6.387555274343353, 138.6469497680664]}}