{"motor_position": {"Axis1MotorPosition": 24098, "Axis2MotorPosition": 58345}, "target_name": "solar_tower_juelich_upper", "focal_spot": {"HeliOS": [50.913391534547515, 6.387801963363015, 129.76849978266546], "UTIS": [50.91339154973975, 6.387802780866286, 129.85333633422852]}}