{"motor_position": {"Axis1MotorPosition": 21333, "Axis2MotorPosition": 63623}, "target_name": "multi_focus_tower", "focal_spot": {"HeliOS": [50.91339596441447, 6.387550393664786, 138.6979482507121], "UTIS": [50.913395964693535, 6.387551015417259, 138.68183517456055]}}