{"motor_position": {"Axis1MotorPosition": 26291, "Axis2MotorPosition": 35238}, "target_name": "solar_tower_juelich_lower", "focal_spot": {"HeliOS": [50.91339153297593, 6.3878038390215295, 122.70131905977212], "UTIS": [50.913391541538275, 6.387805246128968, 122.71918869018556]}}