{"motor_position": {"Axis1MotorPosition": 26099, "Axis2MotorPosition": 55339}, "target_name": "multi_focus_tower", "focal_spot": {"HeliOS": [50.91339596979969, 6.387548831760782, 138.71586949753464], "UTIS": [50.91339596638061, 6.387550507974783, 138.71693801879883]}}