{"motor_position": {"Axis1MotorPosition": 25478, "Axis2MotorPosition": 44276}, "target_name": "multi_focus_tower", "focal_spot": {"HeliOS": [50.913395956656515, 6.387552623040136, 138.43283674546583], "UTIS": [50.91339595550846, 6.387553778132498, 138.45946502685547]}}