{"motor_position": {"Axis1MotorPosition": 25778, "Axis2MotorPosition": 46234}, "target_name": "multi_focus_tower", "focal_spot": {"HeliOS": [50.9133959621425, 6.387551035935748, 138.6111483401915], "UTIS": [50.913395961463316, 6.387551987018675, 138.64984130859375]}}