{"motor_position": {"Axis1MotorPosition": 26293, "Axis2MotorPosition": 52677}, "target_name": "multi_focus_tower", "focal_spot": {"HeliOS": [50.91339596366818, 6.387550599037279, 138.65089658376164], "UTIS": [50.913395962526714, 6.387551667165297, 138.68416213989258]}}