{"motor_position": {"Axis1MotorPosition": 24684, "Axis2MotorPosition": 67646}, "target_name": "multi_focus_tower", "focal_spot": {"HeliOS": [50.913395964642866, 6.38755032317804, 138.68354761098792], "UTIS": [50.91339596374367, 6.387551301126546, 138.73814392089844]}}