{"motor_position": {"Axis1MotorPosition": 33352, "Axis2MotorPosition": 35600}, "target_name": "solar_tower_juelich_lower", "focal_spot": {"HeliOS": [50.91339153228521, 6.3878043011065495, 122.53129164242458], "UTIS": [50.91339153898465, 6.387806013713246, 122.4823760986328]}}