{"motor_position": {"Axis1MotorPosition": 31791, "Axis2MotorPosition": 66212}, "target_name": "solar_tower_juelich_lower", "focal_spot": {"HeliOS": [50.913391539135326, 6.387801028215156, 123.17131421118174], "UTIS": [50.91339155201221, 6.387802097787944, 123.15647888183594]}}