{"motor_position": {"Axis1MotorPosition": 34347, "Axis2MotorPosition": 48174}, "target_name": "solar_tower_juelich_lower", "focal_spot": {"HeliOS": [50.91339153881934, 6.387801593625237, 122.86093044341531], "UTIS": [50.91339154825795, 6.387803226278466, 122.83503723144533]}}