{"motor_position": {"Axis1MotorPosition": 34129, "Axis2MotorPosition": 38246}, "target_name": "solar_tower_juelich_lower", "focal_spot": {"HeliOS": [50.913391534779144, 6.387803348243517, 122.60437619676595], "UTIS": [50.9133915423672, 6.387804996963925, 122.56042861938477]}}