{"motor_position": {"Axis1MotorPosition": 34478, "Axis2MotorPosition": 45167}, "target_name": "solar_tower_juelich_lower", "focal_spot": {"HeliOS": [50.91339153788501, 6.387802003297692, 122.80130778603564], "UTIS": [50.91339154734103, 6.387803501892296, 122.78571319580078]}}