{"motor_position": {"Axis1MotorPosition": 31175, "Axis2MotorPosition": 52392}, "target_name": "multi_focus_tower", "focal_spot": {"HeliOS": [50.91339596952796, 6.3875489452129495, 138.8088675409611], "UTIS": [50.91339596799474, 6.387550022472397, 138.79566955566406]}}