{"motor_position": {"Axis1MotorPosition": 31056, "Axis2MotorPosition": 42999}, "target_name": "multi_focus_tower", "focal_spot": {"HeliOS": [50.91339597120111, 6.387548346737481, 138.5277230212138], "UTIS": [50.913395969859515, 6.387549461576388, 138.55915069580078]}}