{"motor_position": {"Axis1MotorPosition": 31573, "Axis2MotorPosition": 48550}, "target_name": "multi_focus_tower", "focal_spot": {"HeliOS": [50.91339597159334, 6.387548293712517, 138.67678268956212], "UTIS": [50.913395969915236, 6.387549444816219, 138.69921112060547]}}