{"motor_position": {"Axis1MotorPosition": 37115, "Axis2MotorPosition": 51661}, "target_name": "solar_tower_juelich_lower", "focal_spot": {"HeliOS": [50.91339154005645, 6.387801004546608, 122.96929728913489], "UTIS": [50.9133915500996, 6.3878026726981485, 122.95204544067384]}}