{"motor_position": {"Axis1MotorPosition": 42776, "Axis2MotorPosition": 39334}, "target_name": "solar_tower_juelich_lower", "focal_spot": {"HeliOS": [50.91339154248617, 6.387800961505416, 122.4242490329227], "UTIS": [50.913391551102734, 6.387802371164373, 122.40717315673828]}}