{"motor_position": {"Axis1MotorPosition": 39854, "Axis2MotorPosition": 39236}, "target_name": "multi_focus_tower", "focal_spot": {"HeliOS": [50.91339594118578, 6.387557337378113, 137.86361038454794], "UTIS": [50.9133959419738, 6.387557849089814, 137.9048728942871]}}