{"motor_position": {"Axis1MotorPosition": 42483, "Axis2MotorPosition": 34083}, "target_name": "solar_tower_juelich_upper", "focal_spot": {"HeliOS": [50.91339152567688, 6.387804584298556, 128.745917154785], "UTIS": [50.91339154158593, 6.387805231802825, 128.841552734375]}}