{"motor_position": {"Axis1MotorPosition": 42381, "Axis2MotorPosition": 36088}, "target_name": "solar_tower_juelich_upper", "focal_spot": {"HeliOS": [50.91339152858869, 6.387803568379608, 128.98151860327155], "UTIS": [50.913391544492676, 6.387804358070848, 129.0814208984375]}}