{"motor_position": {"Axis1MotorPosition": 28837, "Axis2MotorPosition": 70357}, "target_name": "multi_focus_tower", "focal_spot": {"HeliOS": [50.9133959591369, 6.387551903976384, 138.5341255112699], "UTIS": [50.91339595872184, 6.387552811602524, 138.54986953735352]}}