{"motor_position": {"Axis1MotorPosition": 30094, "Axis2MotorPosition": 33406}, "target_name": "solar_tower_juelich_lower", "focal_spot": {"HeliOS": [50.91339152858776, 6.387805442200822, 122.6312633480574], "UTIS": [50.91339153582149, 6.387806964516887, 122.61065673828124]}}