{"motor_position": {"Axis1MotorPosition": 22585, "Axis2MotorPosition": 48224}, "target_name": "multi_focus_tower", "focal_spot": {"HeliOS": [50.9133959566342, 6.38755264602367, 138.57460135946872], "UTIS": [50.91339595671019, 6.3875534166770285, 138.61198806762695]}}