{"motor_position": {"Axis1MotorPosition": 26370, "Axis2MotorPosition": 68271}, "target_name": "multi_focus_tower", "focal_spot": {"HeliOS": [50.91339595476857, 6.387553124133457, 137.6960063958947], "UTIS": [50.91339595644086, 6.387553497684493, 137.74108505249023]}}