{"motor_position": {"Axis1MotorPosition": 26086, "Axis2MotorPosition": 68443}, "target_name": "multi_focus_tower", "focal_spot": {"HeliOS": [50.91339600988318, 6.387538410215617, 139.84279727976778], "UTIS": [50.913396004242955, 6.387539119415469, 139.85880661010742]}}