{"motor_position": {"Axis1MotorPosition": 26365, "Axis2MotorPosition": 68618}, "target_name": "multi_focus_tower", "focal_spot": {"HeliOS": [50.91339598960477, 6.387542704921769, 138.25996499761837], "UTIS": [50.913395989034214, 6.387543694072708, 138.24517822265625]}}