{"motor_position": {"Axis1MotorPosition": 26216, "Axis2MotorPosition": 68421}, "target_name": "multi_focus_tower", "focal_spot": {"HeliOS": [50.91339596419895, 6.387550549921044, 139.05801823263778], "UTIS": [50.913395962934985, 6.3875515443659, 139.06685256958008]}}