{"motor_position": {"Axis1MotorPosition": 26251, "Axis2MotorPosition": 68626}, "target_name": "multi_focus_tower", "focal_spot": {"HeliOS": [50.91339598371915, 6.387545490136216, 139.87551936807645], "UTIS": [50.913395979706834, 6.3875464996375655, 139.89251708984375]}}