{"motor_position": {"Axis1MotorPosition": 31302, "Axis2MotorPosition": 41032}, "target_name": "solar_tower_juelich_lower", "focal_spot": {"HeliOS": [50.91339149712192, 6.387814852158145, 124.28666220073592], "UTIS": [50.91339154515868, 6.387804157877754, 122.15367126464844]}}